--
-- Script was generated by Devart dbForge Studio 2019 for MySQL, Version 8.2.23.0
-- Product home page: http://www.devart.com/dbforge/mysql/studio
-- Script date 10/20/2020 7:57:51 PM
-- Server version: 8.0.18
-- Client version: 4.1
--

-- 
-- Disable foreign keys
-- 
/*!40014 SET @OLD_FOREIGN_KEY_CHECKS=@@FOREIGN_KEY_CHECKS, FOREIGN_KEY_CHECKS=0 */;

-- 
-- Set SQL mode
-- 
/*!40101 SET @OLD_SQL_MODE=@@SQL_MODE, SQL_MODE='NO_AUTO_VALUE_ON_ZERO' */;

-- 
-- Set character set the client will use to send SQL statements to the server
--
SET NAMES 'utf8';

DROP DATABASE IF EXISTS dbcart;

CREATE DATABASE IF NOT EXISTS dbcart
	CHARACTER SET utf8mb4
	COLLATE utf8mb4_0900_ai_ci;

--
-- Set default database
--
USE dbcart;

--
-- Create table `products`
--
CREATE TABLE IF NOT EXISTS products (
  PRDT_ID INT(11) NOT NULL AUTO_INCREMENT,
  PRDT_NAME VARCHAR(255) NOT NULL,
  PRDT_TYPE VARCHAR(255) NOT NULL DEFAULT 'Mobile',
  PRDT_PRICE FLOAT NOT NULL,
  CREATED_ON TIMESTAMP NOT NULL DEFAULT CURRENT_TIMESTAMP,
  MODIFIED_ON TIMESTAMP NULL DEFAULT '0000-00-00 00:00:00' ON UPDATE CURRENT_TIMESTAMP,
  STATUS VARCHAR(255) NOT NULL DEFAULT 'Active',
  PRIMARY KEY (PRDT_ID)
)
ENGINE = INNODB,
AUTO_INCREMENT = 136,
AVG_ROW_LENGTH = 1820,
CHARACTER SET utf8mb4,
COLLATE utf8mb4_0900_ai_ci;

--
-- Create index `PRDT_NAME` on table `products`
--
ALTER TABLE products 
  ADD UNIQUE INDEX PRDT_NAME(PRDT_NAME);

--
-- Create table `orders`
--
CREATE TABLE IF NOT EXISTS orders (
  ORDER_ID INT(11) NOT NULL AUTO_INCREMENT,
  USER_ID INT(11) NOT NULL,
  PRDT_ID INT(11) NOT NULL,
  PRDT_QTY INT(11) NOT NULL DEFAULT 1,
  NET_AMT FLOAT NOT NULL,
  CREATED_ON TIMESTAMP NOT NULL DEFAULT CURRENT_TIMESTAMP,
  MODIFIED_ON TIMESTAMP NOT NULL DEFAULT '0000-00-00 00:00:00' ON UPDATE CURRENT_TIMESTAMP,
  STATUS VARCHAR(255) NOT NULL DEFAULT 'Pending',
  PRIMARY KEY (ORDER_ID)
)
ENGINE = INNODB,
AUTO_INCREMENT = 32,
AVG_ROW_LENGTH = 1365,
CHARACTER SET utf8mb4,
COLLATE utf8mb4_0900_ai_ci;

--
-- Create foreign key
--
ALTER TABLE orders 
  ADD CONSTRAINT orders_ibfk_1 FOREIGN KEY (PRDT_ID)
    REFERENCES products(PRDT_ID);

--
-- Create table `users`
--
CREATE TABLE IF NOT EXISTS users (
  USER_ID INT(11) NOT NULL AUTO_INCREMENT,
  USER_NAME VARCHAR(255) NOT NULL,
  USER_MOBILE VARCHAR(255) NOT NULL,
  USER_EMAIL VARCHAR(255) DEFAULT NULL,
  USER_PASSWORD VARCHAR(255) NOT NULL,
  USER_TYPE VARCHAR(255) NOT NULL DEFAULT 'Customer',
  USER_ADDRESS VARCHAR(255) DEFAULT NULL,
  CREATED_ON TIMESTAMP NOT NULL DEFAULT CURRENT_TIMESTAMP,
  MODIFIED_ON TIMESTAMP NOT NULL DEFAULT '0000-00-00 00:00:00' ON UPDATE CURRENT_TIMESTAMP,
  STATUS VARCHAR(255) NOT NULL DEFAULT 'Active',
  PRIMARY KEY (USER_ID)
)
ENGINE = INNODB,
AUTO_INCREMENT = 18,
AVG_ROW_LENGTH = 3276,
CHARACTER SET utf8mb4,
COLLATE utf8mb4_0900_ai_ci;

--
-- Create index `USER_EMAIL` on table `users`
--
ALTER TABLE users 
  ADD UNIQUE INDEX USER_EMAIL(USER_EMAIL);

--
-- Create index `USER_MOBILE` on table `users`
--
ALTER TABLE users 
  ADD UNIQUE INDEX USER_MOBILE(USER_MOBILE);

-- 
-- Dumping data for table products
--
BEGIN;
INSERT INTO products VALUES
(2, 'Realme 6i', 'Mobile', 6600, '2020-10-10 11:59:13', '0000-00-00 00:00:00', 'Available'),
(3, 'Realme C3', 'Mobile', 7500, '2020-10-10 12:00:11', '0000-00-00 00:00:00', 'Available'),
(4, 'Realme 6', 'Mobile', 7800, '2020-10-10 12:01:15', '2020-10-10 12:01:19', 'Available'),
(23, 'REALME', 'mobile', 13000, '2020-10-12 10:29:05', '2020-10-19 22:03:53', 'Available'),
(24, 'SAMSUNG', 'mobile', 17000, '2020-10-12 10:29:05', '2020-10-19 22:11:30', 'Available'),
(25, 'ONE PLUS', 'mobile', 26500, '2020-10-12 10:29:05', '2020-10-20 18:58:42', 'Available'),
(26, 'NOKIA', 'mobile', 9500, '2020-10-12 10:29:05', '2020-10-19 22:03:53', 'Available'),
(47, 'VIVO', 'mobile', 18699, '2020-10-12 11:55:22', '2020-10-19 22:03:53', 'Available'),
(107, 'Boat Head set', 'Electronics', 600, '2020-10-20 17:38:18', '0000-00-00 00:00:00', 'Active');
COMMIT;

-- 
-- Dumping data for table users
--
BEGIN;
INSERT INTO users VALUES
(21, 'Kavi Muthu Raja', '8098314128', 'kavimuthuraja.s@gmail.com', '$2a$10$n2hXeh9fl1choiIXGg.jnuw1JxBeH4xD4cCMgj6ElaprYMIyhM08u', 'Customer', NULL, '2020-10-20 19:32:56', '0000-00-00 00:00:00', 'Active'),
(22, 'Administrator', '7401480189', 'admin@gmail.com', '$2a$10$perW9.Lp94uGb/8Kqqw9Ku3RgeOIEABW/A0gE3iDZA9MCsGVn.xt.', 'Admin', NULL, '2020-10-20 19:34:27', '2020-10-20 19:35:20', 'Active');
COMMIT;

-- 
-- Dumping data for table orders
--
BEGIN;
INSERT INTO orders VALUES
(20, 6, 2, 1, 6600, '2020-10-20 08:52:25', '2020-10-20 15:34:07', 'Pending'),
(21, 6, 24, 2, 34000, '2020-10-20 08:54:21', '2020-10-20 15:34:08', 'Pending'),
(22, 6, 25, 1, 17500, '2020-10-20 08:56:50', '2020-10-20 15:34:10', 'Pending'),
(23, 15, 26, 17, 161500, '2020-10-20 09:05:16', '2020-10-20 15:34:08', 'Pending'),
(24, 15, 2, 1, 6600, '2020-10-20 09:07:40', '2020-10-20 15:34:10', 'Pending'),
(25, 15, 2, 1, 6600, '2020-10-20 09:08:23', '2020-10-20 15:34:11', 'Pending'),
(26, 15, 2, 4, 26400, '2020-10-20 09:09:16', '2020-10-20 15:34:11', 'Pending'),
(27, 16, 24, 1, 17000, '2020-10-20 12:18:09', '0000-00-00 00:00:00', 'Pending'),
(28, 16, 2, 6, 39600, '2020-10-20 12:18:19', '0000-00-00 00:00:00', 'Pending'),
(29, 15, 26, 11, 104500, '2020-10-20 12:22:31', '2020-10-20 14:08:16', 'Pending'),
(30, 6, 3, 2, 15000, '2020-10-20 12:50:40', '2020-10-20 15:34:13', 'Pending'),
(31, 6, 107, 2, 1200, '2020-10-20 17:54:01', '0000-00-00 00:00:00', 'Pending'),
(32, 21, 25, 1, 26500, '2020-10-20 19:54:54', '0000-00-00 00:00:00', 'Pending'),
(33, 21, 24, 2, 34000, '2020-10-20 19:55:00', '0000-00-00 00:00:00', 'Pending');
COMMIT;

-- 
-- Restore previous SQL mode
-- 
/*!40101 SET SQL_MODE=@OLD_SQL_MODE */;

-- 
-- Enable foreign keys
-- 
/*!40014 SET FOREIGN_KEY_CHECKS=@OLD_FOREIGN_KEY_CHECKS */;